Pattern,Repeat 1,Repeat 2,Repeat 3
1,0.9765625,0.68359375,0.0078125
2,0.7109375,0.26171875,0.12890625
3,0.03125,0.1953125,0.07421875
4,0.65625,0.82421875,0.39453125
5,0.1953125,0.86328125,0.84375
6,0.57421875,0.3671875,0.75390625
7,0.69921875,0.54296875,0.34375
8,0.96484375,0.37109375,0.21875
