Pattern,Repeat 1,Repeat 2,Repeat 3
1,0.41796875,0.41796875,0.41796875
2,0.41796875,0.41796875,0.41796875
3,0.41796875,0.41796875,0.41796875
4,0.41796875,0.41796875,0.41796875
5,0.41796875,0.41796875,0.41796875
6,0.41796875,0.41796875,0.41796875
7,0.41796875,0.41796875,0.41796875
8,0.41796875,0.41796875,0.41796875
