Pattern,Repeat 1,Repeat 2,Repeat 3
1,0.05859375,0.8515625,0.6328125
2,0.390625,0.17578125,0.32421875
3,0.48046875,0.1796875,0.72265625
4,0.73046875,0.53125,0.2265625
5,0.3984375,0.7265625,0.08984375
6,0.34375,0.53125,0.359375
7,0.73828125,0.61328125,0.43359375
8,0.4375,0.63671875,0.29296875
